model,sequence length,temperature,avg generation time per token
GRU,50,0.7,0.001780166228612264
GRU,50,1.0,0.0017682353655497232
LSTM,50,0.7,0.002341012159983317
LSTM,50,1.0,0.001795709530512492
