model,sharpness,diversity
GAN,0.2006000131368637,10.606563568115234
DCGAN,0.15832781791687012,11.84199047088623
