model,sequence length,temperature,avg generation time per token
GRU,100,0.7,0.002436843713124593
GRU,100,1.0,0.002453469435373942
LSTM,100,0.7,0.002478180726369222
LSTM,100,1.0,0.002484507958094279
