model,sharpness,diversity
GAN,0.20418807864189148,11.222532272338867
DCGAN,0.15509577095508575,11.261984825134277
