model,sequence length,temperature,avg generation time per token
GRU,25,0.7,0.0014124675591786703
GRU,25,1.0,0.0013615942001342772
LSTM,25,0.7,0.001983141501744588
LSTM,25,1.0,0.0014316383997599283
