model,sharpness,diversity
GAN,0.20670004189014435,11.136844635009766
DCGAN,0.158713698387146,11.496929168701172
